{
  "episode": 125000,
  "red_wins": 66598,
  "blue_wins": 58402,
  "speed": 156.75443149920096,
  "timestamp": "2026-03-21T10:12:42.329813"
}