{
  "episode": 20000,
  "red_wins": 10745,
  "blue_wins": 9255,
  "speed": 155.50925846658177,
  "timestamp": "2026-03-21T08:02:04.892579"
}