{
  "episode": 175000,
  "red_wins": 93137,
  "blue_wins": 81863,
  "speed": 159.92576743318858,
  "timestamp": "2026-03-21T10:17:54.342037"
}