{
  "episode": 145000,
  "red_wins": 77248,
  "blue_wins": 67752,
  "speed": 159.4441150358112,
  "timestamp": "2026-03-21T10:14:47.226825"
}