{
  "episode": 120000,
  "red_wins": 63943,
  "blue_wins": 56057,
  "speed": 157.48711105383967,
  "timestamp": "2026-03-21T09:06:26.527897"
}