{
  "episode": 80000,
  "red_wins": 42836,
  "blue_wins": 37164,
  "speed": 162.67376508940944,
  "timestamp": "2026-03-21T09:01:39.822040"
}