{
  "episode": 185000,
  "red_wins": 98413,
  "blue_wins": 86587,
  "speed": 159.9780237896092,
  "timestamp": "2026-03-21T10:18:56.738635"
}