{
  "episode": 180000,
  "red_wins": 95783,
  "blue_wins": 84217,
  "speed": 159.903996034526,
  "timestamp": "2026-03-21T10:18:25.657849"
}