{
  "episode": 28000,
  "target": 100000,
  "progress": 28.000000000000004,
  "win_rate": 52.0,
  "vs_rule": 50.0,
  "vs_random": 38.0,
  "best_rate": 66.0,
  "speed": 18.3,
  "elapsed_hours": 0.42,
  "training_type": "reinforcement_learning_v4",
  "status": "training",
  "timestamp": "2026-03-22T12:59:50.496004"
}