{
  "episode": 20000,
  "target": 500000,
  "progress": 4.0,
  "red_wins": 10745,
  "blue_wins": 9255,
  "red_win_rate": 53.725,
  "blue_win_rate": 46.275,
  "speed": 155.50925846658177,
  "elapsed_hours": 0.017862459156248303,
  "training_type": "self_play",
  "timestamp": "2026-03-21T08:02:04.893435"
}