{
  "episode": 185000,
  "target": 500000,
  "progress": 37.0,
  "red_wins": 98413,
  "blue_wins": 86587,
  "red_win_rate": 53.19621621621622,
  "blue_win_rate": 46.80378378378378,
  "speed": 159.9780237896092,
  "elapsed_hours": 0.11286272406578064,
  "training_type": "self_play",
  "timestamp": "2026-03-21T10:18:56.739174"
}